Device Name,Current Price (USD),Lowest Price Seen (USD),Error Messages
OnePlus 11,645.21,645.21,
Nubia Red Magic 8S Pro,679.51,679.51,
Xiaomi Redmi K60 Extreme Edition,412.99,412.99,
Xiaomi 13,596.64,596.64,
OnePlus Nord 3,398.66,398.66,
OnePlus Ace 2 Pro,520.89,520.89,
Xiaomi 13 Ultra,880.33,880.33,
Vivo X90S,561.82,561.82,
Nubia Red Magic 8 Pro,684.63,684.63,
Oppo Find X6,633.46,633.46,
Xiaomi 12,363.29,363.29,
vivo iQOO 11S,605.16,605.16,
Nubia Z50s Pro,538.37,538.37,
Vivo X90 Pro,1023.02,1023.02,
Honor Magic5 Pro,832.15,832.15,
Oppo Find X6 Pro,838.13,838.13,
Poco F5 Pro,444.14,444.14,
Poco F5,311.78,311.78,
Samsung Galaxy S23 Ultra,839.0,839.0,
Oppo Find X5 Pro,452.4,452.4,
Samsung Galaxy S22 Ultra,550.48,550.48,
realme GT 2 Pro,352.28,352.28,
Xiaomi 12 Pro,518.08,518.08,
OnePlus 10 Pro,429.99,429.99,
Xiaomi 13 Pro,870.55,870.55,
Motorola Edge 40 Pro,694.42,694.42,
Xiaomi 12T Pro,443.26,443.26,
Vivo iQOO Neo7 Pro,417.42,417.42,
Honor 80 Pro,389.85,389.85,
Vivo S16,391.93,391.93,
Ulefone Armor 18,359.2,359.2,
Huawei P50 Pro,463.99,463.99,
vivo iQOO Neo 8 Pro,479.96,479.96,
Honor Magic5 Ultimate,987.33,987.33,
Asus ROG Phone 7,747.75,747.75,
Xiaomi 13T,1671.73,1671.73,
Xiaomi Mi 11 Ultra,618.51,618.51,
Samsung Galaxy S20 Ultra,335.42,335.42,
realme GT 2,319.4,319.4,
Honor Magic4 Pro,514.58,514.58,
vivo X80 Pro,621.13,621.13,
Asus Zenfone 8,412.38,412.38,
Black Shark 4 Pro,468.06,468.06,
Nubia Red Magic 7 Pro,456.03,456.03,
Black Shark 5 Pro,611.69,611.69,
ZTE Axon 40 Ultra,543.73,543.73,
Black Shark 5,533.05,533.05,
Asus ROG Phone 5S,530.14,530.14,
vivo iQOO 8,511.67,511.67,
Xiaomi 11 Lite 5G NE,212.58,212.58,
Xiaomi 11T Pro,258.9,258.9,
Apple iPhone 13 Pro Max,704.95,704.95,
ZTE Axon 30 5G,287.35,287.35,
OnePlus 8T,225.34,225.34,
Samsung Galaxy Z Fold4,848.51,848.51,
Honor 90,337.56,337.56,
vivo iQOO 9 Pro,510.66,510.66,
Oppo Find X5,303.59,303.59,
Motorola Edge 30 Pro,424.77,424.77,
vivo iQOO 11 Pro,715.33,715.33,
Vivo X90,833.4,833.4,
OnePlus 10T,337.56,337.56,
Motorola Edge 30 Ultra,809.0,809.0,
realme GT5,584.32,584.32,
Apple iPhone 15 Plus,1114.22,1114.22,
Google Pixel 6 Pro,347.31,347.31,
OnePlus 9 Pro,276.39,276.39,
Lenovo Legion Y70,315.91,315.91,
Nubia Red Magic 7S Pro,528.67,528.67,
ZTE Axon 40 Pro,665.71,665.71,
Samsung Galaxy S22,399.95,399.95,
Oppo Find X5 Pro Dimensity Edition,691.14,691.14,
Honor Magic4,462.75,462.75,
Apple iPhone 12 Pro Max,638.79,638.79,
Oppo Find X3 Pro,278.83,278.83,
Samsung Galaxy S20 5G,256.32,256.32,
Samsung Galaxy S20 Plus 5G,264.92,264.92,
Xiaomi 12X,338.07,338.07,
Motorola ThinkPhone,639.87,639.87,
Honor Magic5,573.07,573.07,
Xiaomi Redmi Note 12 Turbo,325.25,325.25,
Realme GT Neo 5 SE,326.45,326.45,
Motorola Edge 40,344.02,344.02,
Huawei Mate 50 Pro,533.05,533.05,
Apple iPhone 15 Pro Max,1486.05,1486.05,
Xiaomi Redmi K50 Gaming Edition,498.86,498.86,
Xiaomi 11T,201.88,201.88,
Oppo Find X3 Neo,255.69,255.69,
Xiaomi MI 11i,244.66,244.66,
ZTE Axon 30 Ultra,796.85,796.85,
Xiaomi Mi 10T Pro,209.36,209.36,
Xiaomi Mi 10,218.83,218.83,
OnePlus 8,207.49,207.49,
Samsung Galaxy S20 Plus,276.56,276.56,
Xiaomi Redmi K50,402.72,402.72,
Motorola Edge 30,273.41,273.41,
realme GT Neo 3T,295.75,295.75,
Poco X5 Pro 5G,243.56,243.56,
OnePlus Ace 2V,353.06,353.06,
Motorola Moto G Stylus 5G 2023,199.99,199.99,
Sony Xperia 5 IV,613.43,613.43,
Motorola Razr 2022,536.85,536.85,
Oppo Reno9 Pro,445.15,445.15,
Huawei Mate 50,758.75,758.75,
Vivo S16 Pro,511.67,511.67,
Nubia Red Magic 7S,506.65,506.65,
Honor 70,298.54,298.54,
Vivo iQOO Z7 Pro,286.23,286.23,
Oppo Reno7 Pro,550.0,550.0,
OnePlus 9RT,459.33,459.33,
vivo iQOO 7,516.79,516.79,
Oppo Find X3,595.0,595.0,
Xiaomi Mi 11 Lite 5G,186.93,186.93,
Huawei P40 Pro,299.05,299.05,
Asus ROG Phone 7 Ultimate,1329.35,1329.35,
vivo X Flip,982.42,982.42,
Ulefone Armor 18T,537.98,537.98,
vivo S15,473.8,473.8,
Oppo Find N3 Flip,1225.26,1225.26,
OnePlus 7 Pro,264.26,264.26,
vivo S12 Pro,429.8,429.8,
Samsung Galaxy S10 Lite,199.76,199.76,
OnePlus Nord CE 2 5G,244.62,244.62,
Oppo Reno 6,310.83,310.83,
Samsung Galaxy A52s 5G,212.58,212.58,
Sony Xperia 5 III,471.09,471.09,
Xiaomi Redmi Note 11 Pro,216.85,216.85,
Huawei Mate 40E Pro,848.98,848.98,
realme GT,225.34,225.34,
Black Shark 4,364.21,364.21,
Sony Xperia 1 III,511.68,511.68,
LG V60 ThinQ,229.99,229.99,
Huawei nova 9,158.15,158.15,
Oppo Reno7,255.61,255.61,
Honor 60 Pro,316.83,316.83,
Huawei Mate 40 Pro,450.78,450.78,
Motorola Moto G100,244.62,244.62,
Nubia Red Magic 5S,592.87,592.87,
Huawei P40,209.94,209.94,
realme X3 SuperZoom,298.04,298.04,
OnePlus 7T,196.55,196.55,
Huawei Mate 30 Pro,479.64,479.64,
Sony Xperia 1 II,380.29,380.29,
Samsung Galaxy M53 5G,239.23,239.23,
HTC U23 Pro,454.0,454.0,
Honor X50,240.48,240.48,
Honor 80,361.23,361.23,
Xiaomi Mi 9T Pro,211.51,211.51,
Sony Xperia Pro,819.7,819.7,
Motorola Moto G73,217.91,217.91,
Huawei nova 11 Ultra,642.33,642.33,
Motorola Razr 40,710.36,710.36,
Samsung Galaxy Z Flip5,817.2,817.2,
Honor X40 GT,301.21,301.21,
vivo iQOO 8 Pro,729.91,729.91,
Apple iPhone 12 Pro,490.79,490.79,
Xiaomi Mi 11 Pro,421.95,421.95,
Huawei Nova 5T,182.67,182.67,
Xiaomi Redmi 12 5G,192.23,192.23,
Huawei P50 Pocket,755.67,755.67,
Nubia Red Magic 7,468.95,468.95,
Xiaomi Mi 10 Pro,351.45,351.45,
Google Pixel Fold,1729.95,1729.95,
Huawei nova 10,262.89,262.89,
Asus ROG Phone 3,2066.56,2066.56,
Samsung Galaxy A90 5G,214.66,214.66,
Honor 80 SE,313.34,313.34,
Asus ROG Phone 3 Strix Edition,639.87,639.87,
Huawei Mate Xs 2,1207.34,1207.34,
Honor X30 Max,277.15,277.15,
Motorola Edge 2021,230.0,230.0,
Huawei Mate X3,2130.95,2130.95,
Xiaomi 13T Pro,2401.38,2401.38,
Honor Magic Vs Ultimate,1912.19,1912.19,
Microsoft Surface Duo 2,1012.99,1012.99,
Asus ZenFone 7 Pro,533.05,533.05,
Huawei P40 4G,749.0,749.0,
Honor Magic V,1973.88,1973.88,
Huawei Mate X5,2981.38,2981.38,
vivo iQOO 11,662.99,662.99,
Motorola X40,562.99,562.99,
vivo X Note,624.12,624.12,
Samsung Galaxy S23,524.7,524.7,
Nubia Z50 Ultra,712.99,712.99,
realme GT Neo 5,432.99,432.99,
Google Pixel 7 Pro,590.29,590.29,
Xiaomi Redmi K60 Pro,462.99,462.99,
realme GT 2 Master Explorer Edition,662.99,662.99,
Nubia Z50,,,No prices found
OnePlus Ace Pro,449.9,449.9,
POCO F4 GT,287.94,287.94,
Doogee V Max,359.84,359.84,
Xiaomi 12S Ultra,774.64,774.64,
Apple iPhone 15,982.02,982.02,
Vivo iQOO Neo 7,452.99,452.99,
vivo iQOO 9,562.99,562.99,
Motorola Edge+ (2023),669.95,669.95,
Samsung Galaxy S23+,723.9,723.9,
Vivo X90 Pro+,921.32,921.32,
Samsung Galaxy S22+,400.75,400.75,
Motorola X30 Pro,,,No prices found
Samsung Galaxy S21 Ultra,385.99,385.99,
realme GT Neo 3,345.56,345.56,
Asus ROG Phone 6D,691.97,691.97,
OnePlus Ace 2,482.99,482.99,
vivo iQOO Neo 8,452.99,452.99,
Nothing Phone (2),606.23,606.23,
Asus ROG Phone 6,498.6,498.6,
vivo iQOO 10,682.99,682.99,
Apple iPhone 14 Pro Max,974.6,974.6,
Oppo Reno 6 Pro,291.9,291.9,
OnePlus 8 Pro,313.46,313.46,
Meizu 20 Pro,712.99,712.99,
Oppo Reno9 Pro+,502.15,502.15,
Xiaomi 12S,472.99,472.99,
Xiaomi 12S Pro,482.99,482.99,
Asus ROG Phone 6 Pro,,,No prices found
Samsung Galaxy S21+,299.99,299.99,
Nubia Red Magic 8S Pro+,1012.99,1012.99,
Asus ROG Phone 6 Batman Edition,774.64,774.64,
Google Pixel 7,358.95,358.95,
Apple iPhone 14 Pro,985.56,985.56,
Apple iPhone 15 Pro,1227.83,1227.83,
OnePlus Nord 2,244.01,244.01,
Honor Magic 3 Pro,,,No prices found
Google Pixel 6,321.78,321.78,
Samsung Galaxy S20 FE,226.99,226.99,
Samsung Galaxy S21 5G,243.35,243.35,
Xiaomi Mi 11,262.19,262.19,
Oppo Find X2 Pro,,,No prices found
Xiaomi Redmi K50 Pro,465.64,465.64,
OnePlus Ace,301.3,301.3,
Honor 70 Pro+,,,No prices found
Xiaomi 13 Lite,298.53,298.53,
Honor 90 Pro,546.02,546.02,
OnePlus Nord CE3 5G,324.57,324.57,
Asus ROG Phone 6D Ultimate,1025.37,1025.37,
Nubia Z40 Pro,,,No prices found
Vivo V27,,,No prices found
Oppo Reno10,388.92,388.92,
Motorola Edge 40 Neo,404.9,404.9,
Infinix Zero Ultra,345.87,345.87,
realme 10 Pro+ 5G,214.08,214.08,
Honor 80 GT,445.18,445.18,
Poco X4 GT,270.31,270.31,
Oppo Reno8 Pro,399.52,399.52,
Asus Zenfone 9,499.0,499.0,
realme 9 Pro+,215.23,215.23,
vivo X70 Pro+,804.48,804.48,
Xiaomi 12 Lite,271.87,271.87,
realme GT Neo 2,265.0,265.0,
Honor 50,216.53,216.53,
Asus ROG Phone 5,,,No prices found
Motorola Moto G200 5G,298.54,298.54,
Asus Zenfone 8 Flip,479.0,479.0,
Huawei P60 Pro,819.9,819.9,
Doogee V30T,323.41,323.41,
Nothing Phone (1),293.23,293.23,
Honor Magic 3,,,No prices found
vivo X70 Pro,,,No prices found
Samsung Galaxy Note10+,301.8,301.8,
Xiaomi Redmi Note 11 Pro+,209.63,209.63,
Oppo Reno8 Pro+,444.33,444.33,
Honor 70 Pro,,,No prices found
Motorola Edge 2022,,,No prices found
Oppo Reno8,297.47,297.47,
realme 11 Pro,275.67,275.67,
Xiaomi Redmi Note 12 Pro+,228.15,228.15,
Xiaomi Redmi Note 12 Pro,212.18,212.18,
Sony Xperia 5 V,1042.75,1042.75,
Doogee V31 GT,479.99,479.99,
Nubia Red Magic 6R,,,Error getting the JSON
Samsung Galaxy Z Fold3,633.94,633.94,
Samsung Galaxy M52 5G,246.73,246.73,
Nubia Red Magic 6S Pro,994.74,994.74,
Sony Xperia PRO-I,819.39,819.39,
Nubia Red Magic 6,551.18,551.18,
Nubia Red Magic 6 Pro,550.83,550.83,
POCO X3 Pro,160.84,160.84,
ZTE Axon 30 Pro 5G,,,No prices found
Samsung Galaxy A34 5G,219.0,219.0,
Samsung Galaxy A54 5G,301.75,301.75,
Huawei P60,,,No prices found
vivo X Fold+,1188.79,1188.79,
Huawei P50,,,No prices found
realme GT Neo Flash,,,No prices found
Honor 60,,,No prices found
OnePlus 7T Pro,264.2,264.2,
realme X50 Pro,266.33,266.33,
Sony Xperia 1 IV,540.21,540.21,
realme narzo 50 Pro 5G,299.0,299.0,
Oppo Find N2 Flip,691.48,691.48,
Meizu 20 Infinity,1212.99,1212.99,
vivo X Fold2,1412.99,1412.99,
Oppo Reno9,388.3,388.3,
Huawei Mate 50E,566.72,566.72,
Huawei Mate 50e,566.72,566.72,
OnePlus 7,176.88,176.88,
vivo S12,,,No prices found
Huawei Mate 40 Pro 4G,891.59,891.59,
Oppo Reno5 Pro,,,No prices found
OnePlus Ace Racing Edition,,,No prices found
Samsung Galaxy A73 5G,745.87,745.87,
Xiaomi Mi 9,,,No prices found
Motorola Edge+,254.99,254.99,
Asus ROG Phone 5S Pro,819.39,819.39,
Xiaomi Civi,403.71,403.71,
Motorola Moto Edge S30,372.99,372.99,
Sony Xperia 5 II,307.89,307.89,
vivo X Fold,1165.43,1165.43,
Motorola Edge+ 2022,292.41,292.41,
Meizu 20,612.99,612.99,
Vivo V29 5G,530.11,530.11,
Huawei Mate 50 RS Porsche Design,,,Error getting the JSON
Huawei Mate 60 Pro,1332.26,1332.26,
Huawei Mate 60,,,No prices found
BlackShark 3,,,No prices found
realme X2 Pro,515.0,515.0,
Huawei Mate 20X 5G,,,No prices found
Motorola Razr+,628.94,628.94,
ZTE Axon 40 Ultra Space Edition,,,No prices found
Motorola Edge X30,,,No prices found
Huawei nova 11,394.34,394.34,
Huawei nova 11 Pro,,,No prices found
Motorola Razr 40 Ultra,839.69,839.69,
Infinix Note 30 Vip,,,No prices found
Gigaset GX6 Pro,622.21,622.21,
Honor Magic V2,1485.58,1485.58,
HTC U23,439.0,439.0,
Gigaset GX6,327.25,327.25,
Tecno Phantom X2 Pro,,,No prices found
Huawei Mate 60 Pro+,,,No prices found
Huawei Mate 40 Pro+,,,No prices found
vivo X60 Pro+,,,No prices found
Asus ZenFone 7,737.28,737.28,
ZTE Axon 50 Ultra,,,No prices found
Lenovo Legion Y90,,,No prices found
Huawei Mate 40 RS,,,No prices found
Huawei Mate 40,,,No prices found
Xiaomi Mix Fold,,,No prices found
Oppo K10 Pro,,,No prices found
Vivo V27 Pro,,,No prices found
vivo Y78,,,No prices found
Oppo K11,372.99,372.99,
Vivo iQOO Neo 7 SE,402.99,402.99,
OnePlus 8T+,349.95,349.95,
realme GT Master Explore Edition,,,No prices found
Meizu 18s Pro,882.99,882.99,
ZTE Axon 31 Ultra 5G,,,No prices found
Lenovo Legion 2 Pro,,,No prices found
Oppo K9 5G,,,No prices found
Nubia Z30 Pro,,,No prices found
Xiaomi Mi 10 Ultra,,,No prices found
vivo iQOO Z7,,,No prices found
Xiaomi Redmi Note 12T Pro,277.17,277.17,
Xiaomi Redmi K50i,,,No prices found
vivo iQOO 9 SE,,,No prices found
Asus Smartphone for Snapdragon Insiders,,,No prices found
Black Shark 4S Pro,,,No prices found
Oppo Reno5 Pro+,,,No prices found
Xiaomi Redmi K40S,,,No prices found
Black Shark 5 RS,,,No prices found
vivo S15 Pro,,,No prices found
Xiaomi Redmi K60,382.99,382.99,
vivo iQOO 10 Pro,,,No prices found
realme GT3,,,No prices found
Asus Zenfone 10,711.23,711.23,
Oppo Reno10 Pro,477.4,477.4,
Samsung Galaxy S21 FE 5G,267.35,267.35,
OnePlus 9,282.25,282.25,
Honor Magic4 Pro Ultimate,1328.72,1328.72,
Vivo S17 Pro,476.33,476.33,
Samsung Galaxy Z Fold5,1257.22,1257.22,
Honor Magic 3 Pro+,778.86,778.86,
OnePlus 11R,481.51,481.51,
Apple iPhone 13 Pro,591.74,591.74,
realme 11 Pro+,357.67,357.67,
Motorola Edge 30 Fusion,318.8,318.8,
OnePlus 10R,404.89,404.89,
Google Pixel 7a,380.17,380.17,
Doogee V30,311.78,311.78,
Motorola Moto Edge 20 Pro,279.3,279.3,
vivo X60 Pro,574.32,574.32,
Samsung Galaxy S20,195.18,195.18,
Oneplus Nord 2T,270.18,270.18,
Nubia Z40S Pro,,,No prices found
Oppo Reno7 5G,274.91,274.91,
realme GT Master Edition,192.93,192.93,
OnePlus 9R,302.32,302.32,
Samsung Galaxy M54,718.1,718.1,
vivo X70,,,No prices found
vivo V23 5G,,,No prices found
Asus ROG Phone 7 Pro,1399.19,1399.19,
Sony Xperia 1 V,1040.61,1040.61,
vivo X80 Lite,266.33,266.33,
Honor 60 SE,302.32,302.32,
Infinix Zero 5G,,,No prices found
Huawei P60 Art,,,No prices found
vivo iQOO 9T,,,No prices found
Huawei nova 9 Pro,,,No prices found
Xiaomi Mix Fold 3,1412.99,1412.99,
Oppo Find N,962.0,962.0,
Huawei P50E,,,No prices found
Vivo iQOO Neo7 Racing Edition,,,No prices found
Oppo K9s,,,No prices found
ZTE Axon 41 Ultra 5G Extreme Edition,,,No prices found
Xiaomi Civi 3,412.99,412.99,
Honor Magic Vs,1414.25,1414.25,
vivo iQOO 9 IN,,,No prices found
Huawei Nova 8,,,No prices found
ZTE Axon 41 Ultra 5G,,,No prices found
Infinix GT 10 Pro,,,No prices found
Huawei nova 10 Pro,,,No prices found
vivo iQOO Neo 6,,,No prices found
Vivo iQOO Neo 7 IN,,,No prices found
Oppo Reno 6 Pro+,,,No prices found
Xiaomi Mi 10S,,,No prices found
Xiaomi Redmi K40 Pro+,,,No prices found
realme 11 Pro+ 5G,,,No prices found
Tecno Phantom X2,,,No prices found
Xiaomi Redmi K60E,,,No prices found
vivo iQOO Neo5S,,,No prices found
vivo V23 Pro,,,Error getting the JSON
realme X7 Max,,,No prices found
Samsung W22 5G,,,No prices found
Smartisan Nut R2,,,No prices found
OnePlus 8T Cyberpunk 2077,,,No prices found
vivo X60,662.99,662.99,
Xiaomi Mi 11X Pro,,,No prices found
vivo X50 Pro+,,,No prices found
vivo iQOO 5,702.99,702.99,
vivo iQOO 3,,,No prices found
Xiaomi Redmi Note 11T Pro,,,No prices found
Honor 80 Pro Flat,636.87,636.87,
Xiaomi Civi 2,,,No prices found
vivo V25 Pro,,,No prices found
Xiaomi Redmi Note 13 Pro+,362.99,362.99,
Asus 8z,,,No prices found
Meizu 18s,712.99,712.99,
Black Shark 4S,,,Error getting the JSON
Meizu 18 Pro,,,No prices found
vivo iQOO Neo5,,,No prices found
Xiaomi Redmi K30 Pro,,,No prices found
Huawei Honor 30 Pro,,,No prices found
Nubia Red Magic 5G,,,No prices found
Huawei Mate 30 Pro RS,,,No prices found
Xiaomi Civi 1S,,,No prices found
Huawei Mate X2,,,No prices found
Xiaomi Redmi Note 12 Pro Speed Edition,312.99,312.99,
vivo iQOO Z8,312.99,312.99,
Xiaomi 11i IN,,,No prices found
realme GT Neo 2T,,,No prices found
Samsung Galaxy M62,,,No prices found
realme X7 Pro,,,No prices found
realme GT Neo,,,No prices found
Xiaomi Mi 11X,,,No prices found
Huawei Mate 20X,,,No prices found
vivo X70t,612.99,612.99,
Xiaomi 11i Hypercharge,,,No prices found
vivo X60s,,,No prices found
Motorola Edge Lite Luxury Edition,,,Error getting the JSON
vivo iQOO Z5,362.99,362.99,
Honor V40,,,No prices found
BlackShark 3 Pro,,,No prices found
realme X50 Pro Player,,,No prices found
realme GT 5G,,,No prices found
vivo X80,,,No prices found
Xiaomi Mi 10T,168.45,168.45,
realme 11 Pro 5G,,,No prices found
Oppo Find X5 Lite,203.59,203.59,
Oppo Find X2,,,No prices found
Xiaomi Redmi K30 Pro Zoom,,,No prices found
Infinix Zero 30 5G,,,No prices found
Xiaomi Redmi K40,,,No prices found
Huawei Honor 30 Pro+,,,No prices found
Samsung Galaxy F54,,,No prices found
Vivo S17,439.24,439.24,
realme Narzo 60 Pro,,,No prices found
Motorola Edge S Pro,,,No prices found
Samsung Galaxy W21 5G,,,Error getting the JSON
Motorola Edge S,,,No prices found
vivo X60t,,,No prices found
vivo NEX 3s 5G,,,No prices found
Asus ROG Phone 2,,,No prices found
Sharp Aquos R7s,,,No prices found
Huawei Mate X2 4G,,,No prices found
Meizu 18X,502.99,502.99,
vivo S9,552.99,552.99,
Xiaomi Redmi K30 Ultra,,,No prices found
Oppo Reno Ace 2,,,No prices found
vivo T1 Pro 5G,,,Error getting the JSON
ZTE Axon 41 5G,,,No prices found
vivo iQOO Z8x,252.99,252.99,
Honor V Purse,,,No prices found
Oppo K9 Pro,,,No prices found
realme Q3s,,,No prices found
Samsung Galaxy F62,,,No prices found
vivo iQOO Neo3,482.99,482.99,
Meizu 17 Pro,682.99,682.99,
vivo iQOO Pro,,,No prices found
vivo iQOO Pro 5G,,,No prices found
Tecno Camon 20 Pro 5G,,,No prices found
Lava Agni 2,,,No prices found
Vivo S16e,347.94,347.94,
vivo V25,,,No prices found
vivo iQOO Z6 CN,312.99,312.99,
ZTE Axon 31 5G,,,No prices found
Oppo Reno7 SE,,,No prices found
realme X3,,,No prices found
Huawei Honor Play 4 Pro,,,Error getting the JSON
Xiaomi 12T,332.65,332.65,
Tecno Phantom V Fold 5G,,,No prices found
Xiaomi Redmi K40 Pro,,,No prices found
Xiaomi Redmi Note 11T Pro+,,,No prices found
Motorola Moto S30 Pro,,,No prices found
ZTE Axon 31 Pro 5G,,,No prices found
Xiaomi 11 Youth Vitality Edition,,,No prices found
ZTE Axon 30S,,,No prices found
Huawei P40 Pro+,559.75,559.75,
realme Q5 Pro,,,No prices found
Huawei Honor V30 Pro,,,No prices found
Oppo K10 5G,317.84,317.84,
vivo T2,,,No prices found
Samsung Galaxy W20 5G,,,No prices found
Oppo Reno 2 5G,,,No prices found
vivo T2X,292.99,292.99,
ZTE Axon 40,,,No prices found
vivo Nex 3,,,No prices found
Huawei Nova 6 5G,,,No prices found
vivo iQOO Z6 Pro,,,No prices found
vivo iQOO Z3,,,No prices found
realme Q3 Pro,,,Error getting the JSON
Meizu 17,,,No prices found
vivo iQOO Z1,,,No prices found
Oppo Reno Ace,,,No prices found
vivo iQOO Neo5 Lite,,,Error getting the JSON
vivo S10,,,No prices found
Xiaomi Black Shark 2 Pro,,,No prices found
Nubia RedMagic 7 Pro,,,Error getting the JSON
Oppo Reno10 Pro +,,,Error getting the JSON
Samsung Galaxy S20 FE 5G,,,Error getting the JSON
Xiaomi Redmi Note 12 Pro+ 5G,,,Error getting the JSON
Nubia Red Magic 8 Pro+,,,Error getting the JSON
POCO F4 5G,,,Error getting the JSON
Xiaomi Redmi K50 Extreme Edition,,,Error getting the JSON
Nubia RedMagic 7,,,Error getting the JSON
Samsung Galaxy Note20 Ultra,,,Error getting the JSON
Xiaomi Redmi Note 12 Pro 5G,,,Error getting the JSON
Honor 90 5G,,,Error getting the JSON
Samsung Galaxy S20 FE 2021,,,Error getting the JSON
Samsung Galaxy Note20,,,Error getting the JSON
POCO F3,,,Error getting the JSON
Xiaomi Redmi Note 12 Pro Plus 5G,,,Error getting the JSON
Oppo Reno10 Pro China,,,Error getting the JSON
Motorola Moto Edge 20,,,Error getting the JSON
Ulefone Power Armor 19,,,Error getting the JSON
POCO X3 GT,,,Error getting the JSON
POCO F2 Pro,,,Error getting the JSON
Samsung Galaxy Note10+ 5G,,,Error getting the JSON
Samsung Galaxy Note10,,,Error getting the JSON
Oppo Reno10 China,,,Error getting the JSON
Samsung Galaxy M54 5G,,,Error getting the JSON
Samsung Galaxy Z Flip4,,,Error getting the JSON
Xiaomi Redmi Note 10 Pro CN,,,Error getting the JSON
ZTE Axon 30 5G Ultimate Edition,,,Error getting the JSON
Oppo Find N2,,,Error getting the JSON
Xiaomi Mix Fold 2,,,Error getting the JSON
Samsung Galaxy Z Fold2 5G,,,Error getting the JSON
Xiaomi 13 Limited Edition,,,Error getting the JSON
Fairphone 5,,,Error getting the JSON
Xiaomi 12S Pro Dimensity,,,Error getting the JSON
Lenovo Legion Phone Duel,,,Error getting the JSON
Xiaomi Mix 4,,,Error getting the JSON
ZTE Axon 30 Ultra  Aerospace Edition,,,Error getting the JSON
Legion Phone Duel 2,,,Error getting the JSON
vivo X60T Pro+,,,Error getting the JSON
vivo iQOO 5 Pro,,,Error getting the JSON
Ulefone Armor 23 Ultra,,,Error getting the JSON
vivo iQOO 7 Legend,,,Error getting the JSON
Xiaomi Redmi K40 Game Enhanced Edition,,,Error getting the JSON
Xiaomi Redmi Note 12 Discovery Edition,,,Error getting the JSON
vivo iQOO 7 India,,,Error getting the JSON
vivo iQOO Neo6 SE,,,Error getting the JSON
Xiaomi 11i,,,Error getting the JSON
Xiaomi Mi 11 Youth,,,Error getting the JSON
realme X7 Pro Ultra,,,Error getting the JSON
POCO F3 GT,,,Error getting the JSON
Honor 50 Pro,,,No prices found
vivo S10 Pro,582.99,582.99,
Xiaomi Redmi K30s Ultra,,,Error getting the JSON
Lenovo Legion Pro,,,Error getting the JSON
Huawei Honor V30,,,No prices found
Huawei Mate 30,,,Error getting the JSON
vivo iQOO Z7 5G India,,,Error getting the JSON
realme 9 5G Speed Edition,,,No prices found
BlackShark 3S,,,Error getting the JSON
Xiaomi Mi 9 Pro 5G,,,Error getting the JSON
Nubia Red Magic 3S,,,No prices found
Xiaomi Mi Mix Alpha,,,No prices found
vivo S15e,,,No prices found
Oppo A2 Pro,,,No prices found
Nubia Z20,,,No prices found
Huawei Nova 6,,,No prices found
vivo iQOO Neo5 SE,,,No prices found
realme Q3 Pro Carnival Edition,,,No prices found
Honor 50 SE,,,No prices found
Huawei nova 8 Pro,,,No prices found
Huawei Nova 5T Pro,,,No prices found
Vivo Y100,,,No prices found
nubia Neo 5G,,,No prices found
Xiaomi Black Shark 2,,,Error getting the JSON
Huawei Mate Xs,,,No prices found
Infinix Zero 5G 2023,,,No prices found
Huawei Pocket S,1038.48,1038.48,
Oppo K10 Vitality Edition,,,No prices found
vivo iQOO Neo 855 Plus,,,No prices found
nubia Z20,,,No prices found
POCO M6 Pro 5G,,,No prices found
vivo Y77,292.99,292.99,
vivo S10e,,,No prices found
realme Q3t,,,No prices found
Honor X20,,,No prices found
vivo iQOO Z5x,312.99,312.99,
vivo T1x,,,Error getting the JSON
Coolpad Cool 20 Pro,362.99,362.99,
realme GT Neo 6,,,Error getting the JSON
Xiaomi 12 Lite 5G NE,,,No prices found
Samsung Galaxy S23 FE,,,No prices found
NIO Phone,,,No prices found
Xiaomi Redmi Note 13,,,No prices found
Honor X40 GT Racing,,,No prices found
